,number of tracts,mean length(mm),span(mm),curl,elongation,diameter(mm),volume(mm^3),trunk volume(mm^3),branch volume(mm^3),total surface area(mm^2),total radius of end regions(mm),total area of end regions(mm^2),irregularity,area of end region 1(mm^2),radius of end region 1(mm),irregularity of end region 1,area of end region 2(mm^2),radius of end region 2(mm),irregularity of end region 2,qa,nqa,jdet,dti_fa,md,ad,rd,gfa,iso,rdi,nrdi02L,nrdi04L,nrdi06L,odf,laterality,r1_voxel counts,r1_volume (mm^3),r1_center x,r1_center y,r1_center z,r1_qa,r1_nqa,r1_jdet,r1_dti_fa,r1_md,r1_ad,r1_rd,r1_gfa,r1_iso,r1_rdi,r1_nrdi02L,r1_nrdi04L,r1_nrdi06L,r1_odf,r2_voxel counts,r2_volume (mm^3),r2_center x,r2_center y,r2_center z,r2_qa,r2_nqa,r2_jdet,r2_dti_fa,r2_md,r2_ad,r2_rd,r2_gfa,r2_iso,r2_rdi,r2_nrdi02L,r2_nrdi04L,r2_nrdi06L,r2_odf
39-40.sub-CC00114XX07.ses-37100.R72,1.0,70.5638,64.0346,1.10196,108.364,0.651176,23.5,23.5,0.0,468.0,0.0,0.5,3.24202,0.25,0.0,0.0,0.25,0.0,0.0,0.141592,0.176633,0.7588,0.209689,1.23053,1.47936,1.10611,0.0589317,0.536166,0.279762,0.410397,0.193895,0.0662673,0,Left,1.0,0.5,139.0,147.0,158.0,0.0134367,0.016762,1.25453,0.00977496,1.54591,1.55889,1.53942,0.0165154,0.206178,0.0781444,0.16511,0.0972688,0.0467706,0,1.0,0.5,186.0,82.0,59.0,0.00904974,0.0112894,1.06986,0.00716509,1.67017,1.68021,1.66515,0.00985311,0.209025,0.0751205,0.169309,0.103354,0.0529156,0
39-40.sub-CC00202XX04.ses-67800.R72,1.0,96.1019,76.9502,1.24888,150.871,0.636982,30.625,30.625,0.0,623.25,0.0,0.5,3.24081,0.25,0.0,0.0,0.25,0.0,0.0,0.139532,0.167822,0.767081,0.177793,1.24093,1.45572,1.13354,0.0585823,0.532935,0.275072,0.414964,0.199856,0.0702124,0,Left,1.0,0.5,131.0,152.0,165.0,0.0142502,0.0171394,1.12161,0.00769425,1.48272,1.49248,1.47784,0.0153631,0.260097,0.104048,0.203632,0.115044,0.0516857,0,1.0,0.5,184.0,68.0,47.0,0.00938452,0.0112872,1.09437,0.0118202,0.925911,0.937838,0.919948,0.0443088,0.0479224,0.0191186,0.0410398,0.0245334,0.0122552,0
39-40.sub-CC00413XX09.ses-127100.R65,1.0,107.55,75.1886,1.4304,166.193,0.64714,35.375,35.375,0.0,699.25,0.0,0.5,3.19797,0.25,0.0,0.0,0.25,0.0,0.0,0.112259,0.167774,0.667117,0.123651,1.21195,1.36107,1.13738,0.0440227,0.583407,0.296037,0.438305,0.208291,0.0715917,0,Left,1.0,0.5,147.0,170.0,165.0,0.0155868,0.0232947,0.347799,0.0184921,0.464217,0.479324,0.456664,0.0349384,0.0424369,0.024519,0.0348155,0.0162169,0.00564628,0,1.0,0.5,199.0,78.0,58.0,0.010972,0.0163978,0.509845,0.00723415,0.773991,0.786671,0.767651,0.00956945,0.121964,0.0460322,0.0981263,0.0581407,0.0282697,0
40-41.sub-CC00078XX13.ses-29900.R72,3.0,102.566,83.6388,1.2263,114.291,0.897413,64.875,44.375,20.5,1012.25,1.29356,1.0,3.5006,0.5,0.375,0.883573,0.5,0.918559,5.30144,0.10732,0.169043,0.959913,0.152508,1.21807,1.39919,1.12752,0.0465183,0.544156,0.275248,0.407447,0.193633,0.0666137,0,Left,2.0,1.0,128.0,187.0,156.5,0.0142547,0.022453,1.49214,0.0144733,1.26508,1.28352,1.25586,0.0345132,0.101138,0.0394903,0.0841173,0.0496716,0.0238486,0,2.0,1.0,191.0,75.5,49.5,0.00966123,0.0152177,1.33825,0.00825176,1.28119,1.29196,1.27581,0.0194864,0.120519,0.0452956,0.0975384,0.0580525,0.0283724,0
40-41.sub-CC00223XX09.ses-75900.R69,1.0,79.0555,67.728,1.16725,122.462,0.645549,25.875,25.875,0.0,528.5,0.0,0.5,3.29635,0.25,0.0,0.0,0.25,0.0,0.0,0.154695,0.179525,0.68592,0.21022,1.20384,1.43164,1.08993,0.0637633,0.523356,0.276779,0.406317,0.192009,0.0655499,0,Left,1.0,0.5,132.0,149.0,165.0,0.011567,0.0134236,1.28789,0.00865867,1.54961,1.5624,1.54322,0.0124661,0.223097,0.0835343,0.1785,0.106028,0.0519386,0,1.0,0.5,194.0,85.0,63.0,0.011443,0.0132798,1.14278,0.00710376,1.59172,1.60202,1.58657,0.0118427,0.213955,0.0791487,0.172025,0.103482,0.0522064,0
40-41.sub-CC00306XX09.ses-98700.R63,1.0,83.0725,63.9549,1.29892,132.234,0.628225,25.75,25.75,0.0,529.0,0.0,0.5,3.22651,0.25,0.0,0.0,0.25,0.0,0.0,0.12342,0.149403,0.813795,0.183818,1.22704,1.44086,1.12014,0.0500194,0.547777,0.283801,0.412299,0.1938,0.0662566,0,Left,1.0,0.5,137.0,131.0,163.0,0.015133,0.0183189,1.58416,0.0107731,1.53821,1.55352,1.53056,0.0165086,0.223542,0.0860406,0.178283,0.103999,0.0492787,0,1.0,0.5,195.0,78.0,62.0,0.00804864,0.00974307,1.4353,0.00558417,1.4319,1.4398,1.42796,0.0157428,0.109098,0.039235,0.0902115,0.0557605,0.0292887,0
40-41.sub-CC00377XX15.ses-119800.R71,6.0,95.7288,69.5937,1.37554,70.8198,1.35172,137.375,28.625,108.75,2096.5,16.5273,2.5,5.15721,1.5,12.0062,301.902,1.0,4.5212,64.2179,0.0484102,0.13608,0.70663,0.161626,1.20569,1.39686,1.11011,0.0481422,0.245847,0.125063,0.184347,0.0872778,0.0297398,0,Left,6.0,3.0,129.5,170.333,147.5,0.0127081,0.0357222,0.973804,0.03022,1.32372,1.36168,1.30474,0.0187574,0.155036,0.0691496,0.116421,0.0601984,0.0234902,0,4.0,2.0,174.0,83.25,49.5,0.0119973,0.0337242,0.954444,0.0249045,1.60349,1.63838,1.58604,0.0350186,0.0906579,0.0377507,0.0731304,0.0416794,0.0197626,0
40-41.sub-CC00787XX21.ses-19010.R72,1.0,77.0479,61.9385,1.24394,127.783,0.602957,22.0,22.0,0.0,469.5,0.0,0.5,3.21691,0.25,0.0,0.0,0.25,0.0,0.0,0.0850897,0.141436,0.947518,0.130659,1.31599,1.47624,1.23587,0.0470761,0.404803,0.200731,0.312516,0.153736,0.0557231,0,Left,1.0,0.5,153.0,131.0,162.0,0.0113382,0.0188464,1.42727,0.0118851,1.55729,1.57412,1.54887,0.0173515,0.158899,0.0604954,0.1274,0.0747911,0.0355699,0,1.0,0.5,189.0,78.0,56.0,0.0104204,0.0173208,1.44462,0.00807577,1.67727,1.69173,1.67003,0.013837,0.16908,0.0616396,0.137067,0.083139,0.0421765,0
41-42.sub-CC00113XX06.ses-37200.R74,2.0,85.5445,75.7238,1.12969,100.426,0.851817,48.75,26.875,21.875,834.0,8.83977,1.0,3.64315,0.5,0.53033,1.76715,0.5,8.30944,433.834,0.129349,0.138184,0.816272,0.184825,1.21388,1.43338,1.10413,0.0546767,0.5427,0.279471,0.41083,0.194395,0.0666006,0,Left,2.0,1.0,120.5,178.5,154.0,0.00902453,0.00964091,1.12124,0.0125977,0.769379,0.780003,0.764067,0.0474814,0.0503417,0.0219695,0.0405398,0.0220722,0.00923967,0,2.0,1.0,187.5,85.5,54.5,0.0110524,0.0118073,0.964979,0.00577041,1.62362,1.63289,1.61898,0.0161742,0.152877,0.0546236,0.127015,0.0789226,0.0417945,0
41-42.sub-CC00165XX09.ses-54600.R76,13.0,83.3254,65.4653,1.27282,57.8018,1.44157,136.0,64.0,72.0,1419.75,5.08982,4.0,3.76226,2.25,3.64203,18.5205,1.75,1.44779,3.7629,0.15646,0.183003,0.812887,0.223795,1.18917,1.43923,1.06414,0.0600513,0.568934,0.305535,0.434985,0.201147,0.0666032,0,Left,9.0,4.5,134.111,136.0,167.111,0.0117055,0.0136913,1.24045,0.0118606,1.18549,1.19845,1.179,0.0443579,0.128129,0.0512171,0.102539,0.0587075,0.026988,0,7.0,3.5,192.571,86.5714,61.0,0.0105667,0.0123593,1.19791,0.00732535,1.61089,1.62031,1.60618,0.0151172,0.170352,0.0584214,0.142701,0.0903753,0.0488037,0
41-42.sub-CC00347XX18.ses-109600.R73,1.0,88.0253,78.7952,1.11714,140.531,0.626378,27.125,27.125,0.0,568.75,0.0,0.5,3.28343,0.25,0.0,0.0,0.25,0.0,0.0,0.148708,0.141051,0.836595,0.185043,1.20307,1.41887,1.09517,0.0566802,0.599042,0.31132,0.456102,0.215014,0.072818,0,Left,1.0,0.5,131.0,184.0,158.0,0.0154982,0.0147002,1.01369,0.0181411,1.09147,1.10729,1.08356,0.0351466,0.101066,0.0425207,0.0830888,0.0466652,0.0204365,0,1.0,0.5,188.0,78.0,56.0,0.00772276,0.00732514,1.14287,0.00478059,1.61938,1.62686,1.61564,0.00648177,0.245363,0.0901178,0.194391,0.115886,0.0569234,0
41-42.sub-CC00564XX12.ses-154100.R75,2.0,81.3101,68.0158,1.19546,92.8247,0.875953,49.0,23.875,25.125,779.5,7.54651,1.0,3.4837,0.5,4.5,127.235,0.5,3.04651,58.3158,0.162237,0.206026,0.811958,0.243596,1.12959,1.4022,0.993281,0.065677,0.534238,0.290376,0.406749,0.185736,0.0601474,0,Left,2.0,1.0,133.0,154.0,167.0,0.0300734,0.0381905,0.680496,0.040839,0.667984,0.726773,0.63859,0.0183057,0.175735,0.0901472,0.128986,0.0602578,0.020834,0,2.0,1.0,188.0,87.5,62.5,0.0116216,0.0147584,1.21964,0.00767522,1.57011,1.58205,1.56413,0.0188447,0.172186,0.0653146,0.137008,0.0806461,0.0390277,0
42-43.sub-CC00108XX09.ses-36800.R72,16.0,80.6782,65.4679,1.23233,44.5831,1.80961,207.5,36.25,171.25,2361.25,7.39838,5.5,5.14813,3.75,5.38971,24.336,1.75,2.00867,7.24316,0.134901,0.164861,0.754212,0.203556,1.19855,1.435,1.08032,0.0515011,0.605139,0.250435,0.362936,0.169929,0.0571724,0,Left,15.0,7.5,136.267,140.733,166.0,0.0102694,0.0125501,0.837673,0.013702,0.849213,0.865628,0.841005,0.0118109,0.131377,0.0455818,0.0803243,0.0428942,0.017832,0,7.0,3.5,182.714,85.7143,57.4286,0.0111266,0.0135977,1.05662,0.00738931,1.60191,1.61382,1.59595,0.0114471,0.227691,0.0699436,0.147801,0.0875079,0.0426718,0
42-43.sub-CC00343XX14.ses-108500.R71,15.0,83.5143,63.8799,1.30736,44.9544,1.85776,226.375,0.0,226.375,3117.75,18.2035,6.75,6.39649,3.75,10.0029,83.8245,3.0,8.20059,70.4237,0.126295,0.16816,0.87316,0.205053,1.16402,1.39837,1.04685,0.0502807,0.578203,0.239616,0.342452,0.158691,0.0525087,0,Left,15.0,7.5,148.6,142.133,163.133,0.0118511,0.0157795,1.17902,0.0123801,1.33912,1.35542,1.33097,0.0178176,0.185284,0.0619433,0.114336,0.0624364,0.0264723,0,12.0,6.0,189.333,82.25,57.0,0.0107409,0.0143014,1.25765,0.0115908,1.56246,1.57933,1.55402,0.0119081,0.22454,0.0702304,0.143681,0.0834827,0.0394208,0
42-43.sub-CC00416XX12.ses-128900.R74,8.0,90.7579,76.1547,1.19176,66.1017,1.373,134.375,93.25,41.125,1735.25,2.21964,2.5,4.43257,1.5,1.61287,5.44828,1.0,0.606763,1.15661,0.0606814,0.129391,0.823346,0.132947,1.24641,1.39921,1.17002,0.0394197,0.359218,0.141486,0.215444,0.104211,0.0365225,0,Left,6.0,3.0,143.833,197.667,146.0,0.0110198,0.0234974,0.987705,0.0347397,0.966804,1.00148,0.949467,0.0472961,0.0951407,0.0376264,0.05447,0.0254409,0.00847055,0,4.0,2.0,181.0,81.5,55.0,0.0123536,0.0263415,0.873923,0.0212521,1.43279,1.45795,1.4202,0.0182219,0.163248,0.0561833,0.101097,0.0549755,0.0238742,0
42-43.sub-CC00439XX19.ses-132100.R73,3.0,94.7237,73.9577,1.28078,118.546,0.799047,47.5,38.5,9.0,774.0,6.21708,1.25,3.25507,0.5,0.375,0.883573,0.75,5.84208,142.963,0.10318,0.139582,0.865831,0.168026,1.19779,1.39387,1.09975,0.0448079,0.537907,0.21837,0.320963,0.151672,0.0515657,0,Left,2.0,1.0,125.0,173.5,158.0,0.0102833,0.0139112,1.08403,0.0152086,1.224,1.24022,1.21589,0.0146864,0.188827,0.0657858,0.112655,0.0586841,0.0229323,0,3.0,1.5,186.0,78.6667,62.0,0.0131696,0.0178158,0.956777,0.0165717,1.44227,1.46573,1.43055,0.0148735,0.213622,0.0680239,0.136752,0.0787862,0.0368042,0
42-43.sub-CC00455XX10.ses-137700.R71,6.0,101.397,66.218,1.53126,83.3438,1.21661,117.875,78.75,39.125,1448.5,4.88787,2.25,3.73757,0.75,3.54146,52.5356,1.5,1.34641,3.79676,0.127516,0.187918,0.88867,0.217542,1.13583,1.3779,1.01479,0.054454,0.535145,0.225383,0.318924,0.146585,0.047716,0,Left,3.0,1.5,140.333,145.333,164.667,0.00872647,0.0128601,1.41449,0.00774467,1.39549,1.40546,1.39051,0.013004,0.200351,0.0659517,0.123558,0.0678933,0.0288748,0,6.0,3.0,172.667,92.0,46.8333,0.0104166,0.0153508,1.1811,0.0103257,1.49492,1.51076,1.48699,0.0744138,0.038389,0.0157286,0.0246154,0.0128002,0.00595419,0
42-43.sub-CC00508XX13.ses-148700.R72,1.0,70.0463,58.7297,1.19269,109.835,0.63774,22.375,22.375,0.0,445.75,0.0,0.5,3.17623,0.25,0.0,0.0,0.25,0.0,0.0,0.128881,0.19241,0.790456,0.232639,1.16408,1.43388,1.02919,0.0558657,0.520814,0.218997,0.311822,0.143936,0.0470982,0,Left,1.0,0.5,147.0,136.0,163.0,0.013103,0.0195618,1.42016,0.0141544,1.49525,1.51454,1.48561,0.0157573,0.189942,0.0615308,0.120612,0.0684785,0.0312339,0,1.0,0.5,188.0,86.0,65.0,0.0108668,0.0162233,1.35734,0.00876843,1.48419,1.49778,1.4774,0.00989261,0.246531,0.0827453,0.150217,0.0815368,0.0346101,0
42-43.sub-CC00583XX15.ses-178600.R74,3.0,76.1925,63.3829,1.2021,72.0745,1.05714,66.875,44.25,22.625,1050.5,2.88851,1.5,4.15148,0.75,2.29005,21.9673,0.75,0.598461,1.50024,0.122259,0.181997,0.689399,0.226293,1.17395,1.43819,1.04183,0.0535888,0.53651,0.224732,0.319984,0.147851,0.048672,0,Left,3.0,1.5,137.333,139.333,167.333,0.00992126,0.014769,1.24816,0.0131346,1.44502,1.45879,1.43814,0.0120836,0.193956,0.0653815,0.118567,0.0642126,0.0270373,0,3.0,1.5,183.667,85.6667,61.6667,0.0104945,0.0156224,0.844733,0.0154874,1.50798,1.53007,1.49693,0.0151036,0.176274,0.0553491,0.113832,0.066298,0.0313828,0
42-43.sub-CC00584XX16.ses-178800.R74,19.0,81.8979,69.1138,1.18497,52.2547,1.56728,158.0,43.5,114.5,2007.5,15.2763,6.0,4.97835,4.5,14.5814,148.436,1.5,0.69489,1.01133,0.125196,0.190539,0.793485,0.256041,1.03195,1.30325,0.896293,0.0546719,0.539032,0.231961,0.315626,0.140591,0.043242,0,Left,18.0,9.0,141.611,176.556,157.389,0.010401,0.0158295,1.06543,0.0255762,0.673423,0.690942,0.664663,0.0655167,0.0687732,0.024982,0.043428,0.023027,0.00950039,0,6.0,3.0,184.5,85.3333,64.8333,0.00977277,0.0148734,0.73123,0.00920561,1.60122,1.61585,1.59391,0.0214099,0.111412,0.0353975,0.0734594,0.0433534,0.0213559,0
42-43.sub-CC00675XX16.ses-219100.R72,1.0,88.5357,73.5134,1.20435,140.785,0.628872,27.5,27.5,0.0,556.5,0.0,0.5,3.18152,0.25,0.0,0.0,0.25,0.0,0.0,0.104902,0.156945,0.966292,0.17048,1.26053,1.46749,1.15705,0.0504703,0.504375,0.202755,0.30419,0.145964,0.0509919,0,Left,1.0,0.5,141.0,206.0,142.0,0.0100341,0.0150121,1.27566,0.0354916,0.767105,0.797887,0.751715,0.0157637,0.161817,0.0627334,0.0899688,0.041784,0.0138498,0,1.0,0.5,177.0,95.0,51.0,0.0135646,0.020294,1.18752,0.0119856,1.62443,1.6428,1.61525,0.0424332,0.0796708,0.0295495,0.0513938,0.02828,0.0136382,0
42-43.sub-CC00777XX19.ses-239102.R74,5.0,88.3662,61.8154,1.42952,76.2341,1.15914,93.25,26.875,66.375,1091.25,1.83142,2.25,3.39119,1.25,1.04642,2.75205,1.0,0.784996,1.93591,0.113834,0.171226,0.786388,0.180375,1.1751,1.38654,1.06938,0.0544763,0.448104,0.184389,0.271406,0.128345,0.043628,0,Left,5.0,2.5,140.2,142.0,166.0,0.0128282,0.0192959,1.44606,0.0177017,1.29222,1.31377,1.28144,0.0145911,0.174361,0.0591112,0.108115,0.0592379,0.0258661,0,4.0,2.0,176.0,88.25,60.25,0.0109968,0.0165411,0.900424,0.00683886,1.34121,1.34982,1.33691,0.00745481,0.36163,0.120986,0.216127,0.115009,0.045853,0
43-44.sub-CC00130XX07.ses-44001.R75,1.0,95.558,78.7681,1.21316,152.095,0.628276,29.625,29.625,0.0,605.75,0.0,0.5,3.21163,0.25,0.0,0.0,0.25,0.0,0.0,0.0937754,0.17432,1.12781,0.152827,1.22274,1.40335,1.13243,0.0530067,0.397356,0.203774,0.304524,0.145665,0.0505712,0,Left,1.0,0.5,148.0,199.0,148.0,0.010561,0.019632,1.09606,0.0163617,0.567598,0.575119,0.563838,0.0997333,0.0213307,0.0100974,0.0196861,0.011274,0.00539065,0,1.0,0.5,193.0,78.0,58.0,0.00993717,0.0184724,1.42426,0.00669343,1.33919,1.34767,1.33495,0.0182854,0.12153,0.0457761,0.0989307,0.0589998,0.0289299,0
43-44.sub-CC00352XX06.ses-110700.R79,16.0,84.5576,71.664,1.17992,44.1143,1.91679,244.0,42.875,201.125,2454.5,8.04082,6.5,4.82044,3.25,5.18617,25.9992,3.25,2.85464,7.87716,0.0599143,0.160888,1.03992,0.191223,1.18293,1.4114,1.0687,0.0570335,0.235341,0.12266,0.178158,0.0835186,0.0281113,0,Left,13.0,6.5,125.462,180.846,155.077,0.00979124,0.0262925,1.26356,0.0223886,1.22805,1.25437,1.21489,0.0233793,0.108005,0.0486171,0.0810727,0.0417707,0.0163467,0,13.0,6.5,182.385,89.6154,61.5385,0.00983246,0.0264032,1.26628,0.0140818,1.63864,1.66119,1.62737,0.0222377,0.0980219,0.0400087,0.0777975,0.0446979,0.0217844,0
43-44.sub-CC00558XX14.ses-164100.R75,10.0,99.9099,76.9068,1.2991,70.8591,1.40998,156.0,31.625,124.375,2095.25,15.378,3.75,4.73439,2.5,12.5341,197.421,1.25,2.8439,20.3268,0.136549,0.168517,1.02398,0.214892,1.15443,1.39109,1.03611,0.0611992,0.469854,0.254523,0.357807,0.164112,0.0539665,0,Left,10.0,5.0,131.6,178.0,155.5,0.0124244,0.0153332,1.40017,0.0156433,1.12572,1.13937,1.11889,0.0675829,0.125343,0.0507903,0.0999501,0.0568843,0.0261589,0,5.0,2.5,199.2,79.0,62.2,0.0122124,0.0150714,1.47904,0.0182676,0.82115,0.831856,0.815797,0.0479478,0.0694383,0.0298982,0.0563353,0.0316366,0.01467,0
43-44.sub-CC00757XX15.ses-12010.R75,8.0,88.1203,76.0125,1.15929,69.9772,1.25927,109.75,0.0,109.75,1484.0,4.68421,2.25,4.25685,1.25,2.44567,15.0326,1.0,2.23854,15.7427,0.132026,0.163695,1.05622,0.179287,1.23636,1.44999,1.12954,0.0626218,0.483377,0.249726,0.375489,0.180476,0.0632604,0,Left,5.0,2.5,131.0,192.8,153.0,0.0101311,0.0125614,1.31498,0.0106046,1.41333,1.42858,1.40571,0.0264972,0.134398,0.0503273,0.108872,0.0649911,0.0319716,0,4.0,2.0,190.25,83.75,62.0,0.0111757,0.0138565,1.43532,0.00760409,1.60747,1.61925,1.60158,0.0136974,0.190653,0.0677058,0.156715,0.0968952,0.0505609,0
43-44.sub-CC00852XX11.ses-28210.R79,1.0,97.0687,76.394,1.27063,158.413,0.612757,28.625,28.625,0.0,627.75,0.0,0.5,3.35946,0.25,0.0,0.0,0.25,0.0,0.0,0.125274,0.160631,1.07537,0.213397,1.12705,1.3591,1.01102,0.0600663,0.456355,0.244936,0.347989,0.160387,0.0523852,0,Left,1.0,0.5,120.0,177.0,156.0,0.00958812,0.0122943,1.40545,0.0119135,0.0719976,0.0731365,0.0714281,0.0698018,0.030963,0.0144977,0.0264345,0.0143283,0.00599166,0,1.0,0.5,190.0,80.0,60.0,0.00704657,0.00903541,1.50705,0.00708514,1.54569,1.55761,1.53973,0.0108967,0.118328,0.0419916,0.0971284,0.0599842,0.0312027,0
44-45.sub-CC00267XX12.ses-87700.R74,2.0,89.8383,67.1589,1.3377,104.398,0.860533,52.25,0.0,52.25,1083.25,28.1703,1.0,4.46016,0.5,19.7935,2461.63,0.5,8.37687,440.903,0.0705073,0.153858,1.01305,0.199758,1.14355,1.36832,1.03116,0.0534139,0.300304,0.159018,0.224509,0.103084,0.0336025,0,Left,2.0,1.0,134.5,144.5,151.0,0.0106773,0.0232995,1.27429,0.023256,1.3913,1.42437,1.37476,0.0162431,0.158831,0.0693028,0.11886,0.0625388,0.025576,0,2.0,1.0,182.5,79.5,48.5,0.0134282,0.0293025,1.16889,0.0235634,1.53546,1.56931,1.51853,0.0172372,0.167449,0.0712328,0.127668,0.0693911,0.030332,0
44-45.sub-CC00286XX15.ses-91700.R76,7.0,97.4224,65.8752,1.47889,69.3497,1.4048,151.0,35.875,115.125,2508.5,20.2103,2.5,5.83433,1.75,14.812,393.859,0.75,5.39829,122.068,0.120832,0.157648,1.11681,0.188531,1.16388,1.38195,1.05484,0.0515167,0.53451,0.278961,0.400895,0.186478,0.062003,0,Left,7.0,3.5,137.143,148.857,163.571,0.0119523,0.015594,1.62462,0.0134003,1.24311,1.2589,1.23521,0.0345738,0.136724,0.0565619,0.107281,0.0599697,0.0270392,0,3.0,1.5,185.667,86.3333,59.6667,0.00983125,0.0128268,1.54928,0.00629303,1.61753,1.62744,1.61257,0.0143668,0.167417,0.0604376,0.136843,0.0838861,0.0434299,0
44-45.sub-CC00801XX09.ses-29510.R73,5.0,89.7483,66.8313,1.34291,76.1152,1.17911,98.0,36.5,61.5,1576.75,14.6446,2.5,4.74277,1.25,12.1236,369.403,1.25,2.52102,15.9732,0.094575,0.148133,1.15508,0.191641,1.22971,1.46353,1.11279,0.0523717,0.402695,0.209248,0.302327,0.141552,0.0481037,0,Left,5.0,2.5,141.0,148.6,161.2,0.0113557,0.0177865,1.85474,0.0126263,1.40326,1.41966,1.39507,0.0144995,0.175017,0.070786,0.135447,0.0757309,0.0336258,0,5.0,2.5,188.2,82.2,56.8,0.0111856,0.0175201,1.60289,0.00851639,1.71488,1.72733,1.70865,0.0155437,0.167165,0.0620661,0.135814,0.0820081,0.0416687,0
38-39.sub-CC00334XX13.ses-106100.R62,4.0,106.305,81.8029,1.29952,95.478,1.11339,103.5,0.0,103.5,1549.0,16.1624,2.0,4.16582,1.0,11.2838,399.999,1.0,4.87859,74.7718,0.0895254,0.123656,0.791021,0.0706642,1.26906,1.3553,1.22594,0.0389176,0.577523,0.280286,0.437809,0.215905,0.0786307,0,Right,4.0,2.0,84.75,191.75,149.75,0.00860785,0.0118895,0.925685,0.00728497,0.944105,0.950884,0.940715,0.097959,0.0129888,0.006577,0.0129754,0.00771895,0.00424857,0,4.0,2.0,45.25,76.75,41.5,0.0123027,0.0169931,0.368293,0.00899381,0.451088,0.461372,0.445946,0.018794,0.0477292,0.0236657,0.0376206,0.0196619,0.00914182,0
38-39.sub-CC00334XX13.ses-106100.R68,1.0,105.08,82.9156,1.26732,164.625,0.638301,33.625,33.625,0.0,670.25,0.0,0.5,3.18083,0.25,0.0,0.0,0.25,0.0,0.0,0.0975222,0.135827,0.868924,0.0790109,1.29509,1.39708,1.2441,0.0433366,0.546752,0.263333,0.420477,0.21021,0.0779045,0,Right,1.0,0.5,86.0,204.0,142.0,0.00207764,0.00289371,1.00245,0.0,0.0,0.0,0.0,0.14186,-0.00466687,0.0,0.0,0.0,0.0,0,1.0,0.5,43.0,75.0,47.0,0.013891,0.0193472,0.487295,0.0272149,0.297979,0.311053,0.291442,0.0385856,0.0300965,0.0192822,0.0245846,0.0107241,0.00373699,0
39-40.sub-CC00069XX12.ses-26300.R72,3.0,86.3769,70.8465,1.21921,95.9312,0.900404,55.0,0.0,55.0,964.5,9.90859,1.0,3.94746,0.5,1.71847,18.555,0.5,8.19012,421.464,0.12148,0.136996,0.971283,0.136888,1.26232,1.42129,1.18284,0.0483754,0.527999,0.267481,0.407468,0.197497,0.0699445,0,Right,2.0,1.0,68.0,189.0,141.5,0.0131603,0.0148411,1.01371,0.0180443,1.15736,1.17549,1.1483,0.0265807,0.13925,0.063525,0.104737,0.0531356,0.0197286,0,2.0,1.0,60.0,82.5,47.0,0.00802523,0.00905022,0.915906,0.00748638,1.52122,1.53241,1.51562,0.024648,0.118987,0.0410444,0.0998357,0.0633014,0.0344807,0
39-40.sub-CC00114XX07.ses-37100.R72,1.0,95.0842,67.1864,1.41523,153.58,0.619118,28.625,28.625,0.0,598.0,0.0,0.5,3.23347,0.25,0.0,0.0,0.25,0.0,0.0,0.093399,0.116514,1.0182,0.108384,1.28866,1.41522,1.22538,0.043749,0.51454,0.252322,0.394316,0.194024,0.069719,0,Right,1.0,0.5,84.0,190.0,149.0,0.0128579,0.01604,1.04521,0.00824454,1.11525,1.12228,1.11173,0.0750807,0.0476802,0.0189794,0.0435249,0.0268109,0.0139399,0,1.0,0.5,60.0,103.0,50.0,0.0147059,0.0183454,0.794565,0.0134056,1.59515,1.61469,1.58538,0.0291802,0.127161,0.0516625,0.103039,0.0601748,0.0302433,0
39-40.sub-CC00341XX12.ses-108000.R67,1.0,104.586,78.4705,1.3328,163.464,0.639809,33.625,33.625,0.0,681.75,0.0,0.5,3.24304,0.25,0.0,0.0,0.25,0.0,0.0,0.0838895,0.133658,1.02719,0.0712865,1.29776,1.38712,1.25308,0.0436867,0.483366,0.229975,0.37281,0.188082,0.0704969,0,Right,1.0,0.5,70.0,190.0,143.0,0.0147827,0.0235528,1.2391,0.0171148,0.910821,0.922409,0.905027,0.0854323,0.0497944,0.0214344,0.0450281,0.0263554,0.0124149,0,1.0,0.5,46.0,77.0,37.0,0.00891978,0.0142116,0.600013,0.0100511,0.5453,0.556258,0.539822,0.0260611,0.0339025,0.0171215,0.0271383,0.0139864,0.00614109,0
39-40.sub-CC00453XX08.ses-136600.R74,4.0,89.4419,64.1273,1.39475,80.7192,1.10806,86.25,55.0,31.25,1264.75,2.20698,2.0,4.06209,1.0,1.02083,3.27386,1.0,1.18615,4.42007,0.109922,0.143305,0.751111,0.152789,1.22295,1.40346,1.1327,0.0509957,0.496002,0.253595,0.374726,0.177738,0.0607878,0,Right,4.0,2.0,64.75,171.0,144.75,0.0106781,0.0139209,0.923111,0.0107037,1.31375,1.32656,1.30735,0.0350572,0.0759557,0.0302923,0.0637802,0.0375325,0.0180821,0,4.0,2.0,46.75,81.0,55.25,0.011639,0.0151737,0.960413,0.0110492,1.43473,1.44858,1.42781,0.0194112,0.150205,0.0559701,0.122769,0.0737232,0.0365076,0
39-40.sub-CC00585XX17.ses-178900.R71,3.0,89.5627,74.5361,1.2016,87.4691,1.02394,73.75,34.0,39.75,1346.75,14.4895,1.5,4.67452,0.75,2.67316,29.9321,0.75,11.8163,584.863,0.0800455,0.122094,0.939274,0.0956432,1.34208,1.46099,1.28262,0.0395,0.469917,0.227423,0.358873,0.178108,0.0653944,0,Right,3.0,1.5,95.0,205.333,140.0,0.0114594,0.017479,1.1615,0.0100904,1.52449,1.53879,1.51734,0.0170921,0.16759,0.062604,0.134888,0.0803191,0.0393335,0,3.0,1.5,56.3333,92.6667,50.6667,0.00919717,0.0140285,0.838322,0.0062906,1.62987,1.63876,1.62542,0.0217608,0.117736,0.0430439,0.0971592,0.0597202,0.0313654,0
39-40.sub-CC00649XX23.ses-191201.R69,1.0,96.5435,80.9513,1.19261,152.85,0.631621,30.25,30.25,0.0,620.5,0.0,0.5,3.23901,0.25,0.0,0.0,0.25,0.0,0.0,0.102249,0.129535,0.759066,0.11398,1.27152,1.41337,1.2006,0.0451071,0.515239,0.25417,0.395847,0.194355,0.0696324,0,Right,1.0,0.5,83.0,194.0,147.0,0.0149099,0.0188887,0.953824,0.0174439,0.553122,0.567765,0.5458,0.0995415,0.0792659,0.039263,0.0608447,0.0298082,0.0106901,0,1.0,0.5,43.0,74.0,45.0,0.00479645,0.00607642,0.20761,0.00422655,0.266311,0.270525,0.264203,0.0139564,0.0176033,0.00828496,0.0142978,0.0075564,0.00311518,0
40-41.sub-CC00106XX07.ses-36100.R71,2.0,94.5711,72.9505,1.29637,121.5,0.778363,45.0,32.25,12.75,889.25,7.91952,0.75,3.84533,0.25,0.0,0.0,0.5,7.91952,394.073,0.0955461,0.114469,0.80922,0.110414,1.29335,1.42676,1.22664,0.0443042,0.50591,0.250321,0.386621,0.189203,0.0680751,0,Right,1.0,0.5,83.0,196.0,147.0,0.00589711,0.00706502,0.97796,0.00673132,0.401722,0.407263,0.398952,0.0574343,0.0325817,0.0135553,0.0269023,0.0152842,0.00687356,0,2.0,1.0,49.0,87.5,55.5,0.0116034,0.0139014,0.950424,0.0105109,1.47771,1.49099,1.47107,0.0185125,0.156172,0.0591271,0.126608,0.0759663,0.0386547,0
40-41.sub-CC00120XX05.ses-41600.R70,4.0,87.5577,78.1307,1.12066,77.3458,1.13203,88.125,44.0,44.125,1121.25,1.69992,2.0,3.60081,1.0,1.16959,4.2975,1.0,0.53033,0.883573,0.0921303,0.16785,1.03293,0.141743,1.25212,1.41763,1.16937,0.0507249,0.398741,0.200047,0.30614,0.148788,0.0528176,0,Right,4.0,2.0,87.0,208.75,137.5,0.00833368,0.0151829,0.939506,0.0141662,0.513762,0.5223,0.509493,0.0520262,0.0503131,0.0241986,0.0384912,0.0191832,0.00705962,0,4.0,2.0,48.5,81.0,56.5,0.0124646,0.022709,1.1283,0.0117151,1.40204,1.4178,1.39417,0.0208736,0.131084,0.0501619,0.107113,0.0636614,0.0312679,0
40-41.sub-CC00247XX17.ses-82801.R72,2.0,101.06,70.2675,1.43821,114.0,0.886485,62.375,0.0,62.375,1267.75,12.3072,1.0,4.50438,0.5,5.97652,224.428,0.5,6.33073,251.818,0.100681,0.131532,0.901458,0.109356,1.24653,1.37714,1.18123,0.0433145,0.522413,0.257791,0.400242,0.196189,0.0702291,0,Right,2.0,1.0,69.5,188.0,143.5,0.0108608,0.0141889,0.985285,0.0116042,0.289292,0.297504,0.285186,0.182383,0.0438565,0.022346,0.0346488,0.0170768,0.00631317,0,2.0,1.0,48.0,84.0,51.5,0.00939181,0.0122697,0.818131,0.008865,1.09388,1.10247,1.08959,0.0307693,0.090443,0.0331639,0.0763812,0.0472715,0.0249124,0
40-41.sub-CC00377XX15.ses-119800.R71,1.0,87.0542,74.2055,1.17315,136.646,0.637077,27.75,27.75,0.0,563.0,0.0,0.5,3.2313,0.25,0.0,0.0,0.25,0.0,0.0,0.0442714,0.124446,0.884426,0.108911,1.29484,1.42534,1.2296,0.0475695,0.220748,0.108628,0.170354,0.0841169,0.0305244,0,Right,1.0,0.5,77.0,206.0,131.0,0.00995698,0.0279889,1.03433,0.0248649,1.11796,1.1438,1.10504,0.053156,0.0676497,0.030161,0.0530738,0.028285,0.0116868,0,1.0,0.5,60.0,82.0,50.0,0.00922329,0.0259265,0.952342,0.0176685,1.57808,1.60757,1.56333,0.026245,0.085539,0.0321828,0.0707426,0.0428447,0.0218918,0
40-41.sub-CC00486XX17.ses-144300.R74,1.0,106.022,70.7066,1.49946,169.706,0.624739,32.5,32.5,0.0,676.75,0.0,0.5,3.25225,0.25,0.0,0.0,0.25,0.0,0.0,0.103635,0.128814,0.811646,0.130599,1.25507,1.40252,1.18134,0.047105,0.478871,0.243285,0.364946,0.175355,0.0617863,0,Right,1.0,0.5,92.0,158.0,162.0,0.0123505,0.0153511,1.1081,0.00796534,1.40108,1.41027,1.39648,0.00878507,0.317812,0.131399,0.240157,0.130568,0.0551742,0,1.0,0.5,43.0,84.0,52.0,0.0112197,0.0139456,1.14102,0.0102828,1.50262,1.51739,1.49524,0.0129089,0.226345,0.0854293,0.179256,0.104959,0.0495884,0
40-41.sub-CC00669XX18.ses-214300.R74,11.0,99.1063,80.4796,1.23145,63.4129,1.56287,190.125,31.125,159.0,2285.5,11.4449,3.75,4.69684,2.5,4.96962,31.0354,1.25,6.47523,105.378,0.147968,0.196833,0.940248,0.231634,1.12632,1.38933,0.994808,0.0622386,0.527349,0.286593,0.393878,0.177306,0.0562414,0,Right,10.0,5.0,80.0,175.2,156.0,0.0115688,0.0153893,1.03255,0.0188954,0.567573,0.579325,0.561698,0.12911,0.0622117,0.0294785,0.0493685,0.0254085,0.00983321,0,5.0,2.5,52.6,73.2,35.4,0.0121002,0.0160962,0.743543,0.018151,0.661079,0.682642,0.650298,0.0339571,0.0467043,0.025245,0.0344694,0.0158587,0.00587141,0
40-41.sub-CC00787XX21.ses-19010.R72,7.0,98.2811,78.0198,1.25969,79.871,1.2305,116.875,94.875,22.0,1461.75,5.25187,3.0,3.84744,1.5,0.975342,1.99238,1.5,4.27653,38.3038,0.0844298,0.140339,1.11462,0.101318,1.30932,1.43331,1.24732,0.0464925,0.412837,0.203849,0.317935,0.156531,0.0567091,0,Right,6.0,3.0,86.6667,211.5,130.833,0.0120502,0.0200299,1.4178,0.0122548,1.45292,1.46928,1.44474,0.0290451,0.112106,0.0440624,0.0901464,0.0526214,0.0254557,0,6.0,3.0,55.5,82.8333,49.1667,0.0132124,0.0219617,1.10651,0.0130392,1.5442,1.56371,1.53444,0.0335957,0.134358,0.0550011,0.106657,0.0610756,0.0294949,0
40-41.sub-CC00843XX19.ses-4330.R70,1.0,101.557,72.6519,1.39785,165.595,0.613284,30.0,30.0,0.0,639.75,0.0,0.5,3.26957,0.25,0.0,0.0,0.25,0.0,0.0,0.120535,0.13647,0.919376,0.154571,1.21329,1.40174,1.11907,0.0563895,0.522089,0.268249,0.395284,0.187707,0.0651575,0,Right,1.0,0.5,89.0,162.0,166.0,0.000870727,0.00098584,1.13868,0.0,0.0,0.0,0.0,0.13728,-0.00207341,0.0,0.0,0.0,0.0,0,1.0,0.5,44.0,78.0,55.0,0.0131022,0.0148344,1.18641,0.00869425,1.52199,1.53465,1.51566,0.0128948,0.218225,0.0841271,0.172319,0.100128,0.047367,0
41-42.sub-CC00062XX05.ses-13801.R77,5.0,91.6618,73.6587,1.24441,76.6318,1.19613,103.0,44.625,58.375,1487.25,7.7781,2.0,4.31784,1.25,5.41643,73.7336,0.75,2.36168,23.3631,0.114495,0.154673,0.89795,0.163377,1.20482,1.39494,1.10977,0.0576421,0.454384,0.236088,0.348369,0.16518,0.056612,0,Right,5.0,2.5,78.6,192.2,145.0,0.0117415,0.0158619,1.09041,0.0133063,0.838786,0.85016,0.833099,0.125143,0.0447625,0.0203224,0.0391311,0.0220386,0.0100229,0,3.0,1.5,53.3333,83.0,51.3333,0.0116113,0.0156859,1.04212,0.00931593,1.49932,1.51277,1.49259,0.0188643,0.145411,0.054315,0.118576,0.0712905,0.0356923,0
41-42.sub-CC00091XX10.ses-32300.R64,2.0,90.5525,67.0078,1.35137,118.01,0.76733,41.875,41.875,0.0,686.75,1.02452,1.0,3.14605,0.5,0.375,0.883573,0.5,0.649519,2.65072,0.0948039,0.099461,0.804123,0.102841,1.28304,1.4075,1.22081,0.0446735,0.493429,0.242258,0.378569,0.18622,0.0668154,0,Right,2.0,1.0,74.0,192.0,139.5,0.0098653,0.0103499,1.14084,0.00502949,1.43148,1.4389,1.42776,0.0116489,0.162938,0.0614278,0.130222,0.0770667,0.0375735,0,2.0,1.0,55.5,85.5,60.5,0.00881161,0.00924447,0.759124,0.00438554,1.54556,1.55154,1.54257,0.0210741,0.0912305,0.033622,0.0762397,0.0469528,0.0247437,0
41-42.sub-CC00165XX09.ses-54600.R76,1.0,101.014,81.1305,1.24508,169.282,0.596723,28.25,28.25,0.0,611.5,0.0,0.5,3.22917,0.25,0.0,0.0,0.25,0.0,0.0,0.120327,0.14074,0.993704,0.144392,1.21105,1.37133,1.13091,0.0468559,0.542622,0.277912,0.411999,0.196162,0.0679093,0,Right,1.0,0.5,95.0,197.0,147.0,0.0190512,0.0222831,1.12401,0.021225,1.12799,1.15323,1.11537,0.030621,0.198397,0.0903111,0.149191,0.0762177,0.0292071,0,1.0,0.5,41.0,77.0,52.0,0.0126403,0.0147846,0.549389,0.00678023,0.709001,0.717668,0.704667,0.0188334,0.069447,0.0305458,0.0564565,0.0317081,0.0152013,0
41-42.sub-CC00174XX10.ses-57200.R73,35.0,97.0042,75.4473,1.28572,42.9709,2.25744,388.25,74.875,313.375,4694.25,14.1172,11.5,6.82355,6.0,9.33882,45.6649,5.5,4.7784,13.0422,0.0917805,0.16721,0.915197,0.157665,1.23614,1.41802,1.1452,0.0568061,0.369364,0.189539,0.284067,0.136014,0.0470851,0,Right,24.0,12.0,86.5417,194.792,145.208,0.00964514,0.0175719,1.18174,0.014104,0.839917,0.852317,0.833717,0.229486,0.0734456,0.0329229,0.0579809,0.0317395,0.0137233,0,22.0,11.0,55.7727,83.1364,51.3636,0.0115713,0.0210811,1.08358,0.011804,1.52526,1.54178,1.51701,0.0188957,0.147516,0.0578807,0.117276,0.0677802,0.0318767,0
41-42.sub-CC00270XX07.ses-88600.R73,13.0,83.9404,68.2644,1.22964,56.9697,1.47342,143.125,64.125,79.0,1645.5,7.55412,3.75,4.23496,1.25,3.28844,27.1781,2.5,4.26568,22.8658,0.133162,0.16058,1.01259,0.156035,1.20057,1.38042,1.11065,0.0564161,0.538432,0.279855,0.412541,0.195392,0.0667283,0,Right,5.0,2.5,84.0,210.6,132.6,0.0106622,0.0128575,1.17926,0.0220082,0.41807,0.429399,0.412405,0.118646,0.0480789,0.0227566,0.0384647,0.0201333,0.00825986,0,10.0,5.0,55.4,99.3,59.5,0.0114406,0.0137962,0.926221,0.0079315,1.4541,1.46487,1.44871,0.0639301,0.0491713,0.0204591,0.0426294,0.0254729,0.0132633,0
41-42.sub-CC00300XX03.ses-96000.R74,2.0,86.8171,65.8447,1.31851,121.394,0.715171,34.875,24.375,10.5,674.5,10.6614,1.0,3.45794,0.5,8.98436,507.171,0.5,1.67705,17.6715,0.10116,0.127272,0.851165,0.1181,1.27252,1.41849,1.19953,0.0511312,0.452575,0.224388,0.349094,0.171246,0.0612308,0,Right,2.0,1.0,72.0,203.5,131.5,0.0121001,0.0152234,1.08989,0.0169162,0.598254,0.612266,0.591247,0.054222,0.0798126,0.0373985,0.062357,0.0317293,0.0116564,0,2.0,1.0,54.0,97.0,57.0,0.0114258,0.0143751,0.799888,0.00954615,1.52602,1.54103,1.51852,0.0396436,0.0725353,0.0285642,0.0605302,0.0359852,0.017945,0
41-42.sub-CC00339XX18.ses-107200.R74,1.0,105.64,68.5629,1.54077,168.789,0.625868,32.5,32.5,0.0,674.0,0.0,0.5,3.24489,0.25,0.0,0.0,0.25,0.0,0.0,0.138334,0.166085,0.790054,0.214087,1.14286,1.38586,1.02136,0.0595529,0.530634,0.282576,0.399499,0.183542,0.0597719,0,Right,1.0,0.5,80.0,165.0,159.0,0.00530992,0.00637515,1.148,0.00671192,0.499029,0.505652,0.495717,0.281976,0.0312469,0.01364,0.0255799,0.0141006,0.00608517,0,1.0,0.5,55.0,82.0,53.0,0.0126474,0.0151847,0.915962,0.0130966,1.56824,1.58765,1.55854,0.016337,0.181639,0.071107,0.143901,0.0834278,0.0398349,0
41-42.sub-CC00348XX19.ses-110200.R70,1.0,89.0504,65.7061,1.35528,141.373,0.629896,27.75,27.75,0.0,562.0,0.0,0.5,3.1892,0.25,0.0,0.0,0.25,0.0,0.0,0.0989195,0.10309,0.779406,0.104681,1.26863,1.39127,1.20731,0.0454502,0.528981,0.260993,0.405509,0.19891,0.071338,0,Right,1.0,0.5,72.0,182.0,147.0,0.017128,0.01785,0.960145,0.0171327,0.861301,0.87474,0.854582,0.088592,0.0611126,0.0302668,0.0489702,0.0250319,0.010084,0,1.0,0.5,55.0,88.0,58.0,0.0137881,0.0143694,0.761937,0.0107477,1.53449,1.55245,1.5255,0.0264679,0.120011,0.0460662,0.0985095,0.058627,0.0289977,0
41-42.sub-CC00357XX11.ses-113900.R71,2.0,98.5872,76.2169,1.29351,127.562,0.77286,46.25,30.5,15.75,782.75,0.53033,0.75,3.27003,0.25,0.0,0.0,0.5,0.53033,1.76715,0.11296,0.144132,0.881237,0.150739,1.18318,1.35147,1.09904,0.0499759,0.509108,0.263077,0.38461,0.181489,0.0622267,0,Right,1.0,0.5,85.0,166.0,162.0,0.0132003,0.0168431,1.17356,0.0140665,0.17487,0.178644,0.172983,0.106151,0.0216769,0.0139656,0.0180928,0.00771128,0.00215225,0,2.0,1.0,41.0,72.5,49.5,0.00536226,0.00684201,0.465257,0.00341359,0.585286,0.590429,0.582714,0.00670891,0.0715601,0.0269024,0.0574135,0.0340627,0.0166314,0
41-42.sub-CC00577XX17.ses-180400.R70,1.0,73.0536,58.0567,1.25832,117.977,0.619221,22.0,22.0,0.0,466.0,0.0,0.5,3.27906,0.25,0.0,0.0,0.25,0.0,0.0,0.110612,0.133678,1.07963,0.112945,1.31625,1.46109,1.24384,0.0530161,0.4883,0.239639,0.379511,0.188789,0.0695444,0,Right,1.0,0.5,71.0,197.0,138.0,0.0225769,0.0272849,1.34254,0.0640035,0.39566,0.411799,0.38759,0.163422,0.0523511,0.0294353,0.044147,0.0209307,0.00682338,0,1.0,0.5,54.0,111.0,62.0,0.0106612,0.0128844,1.04941,0.00559186,1.61575,1.62442,1.61141,0.12712,0.0158543,0.00930531,0.0152545,0.00908244,0.00636184,0
41-42.sub-CC00705XX12.ses-226000.R77,5.0,83.7474,73.3175,1.14226,73.0287,1.14677,86.5,53.25,33.25,1182.5,5.96999,1.5,3.91925,0.75,5.32267,118.672,0.75,0.647319,1.75519,0.144486,0.181104,0.938934,0.186263,1.22882,1.44712,1.11968,0.0618533,0.505679,0.264202,0.391814,0.186385,0.0641056,0,Right,3.0,1.5,102.333,202.333,145.333,0.0125718,0.015758,1.23451,0.0151483,1.03308,1.04636,1.02644,0.0415918,0.11117,0.0468057,0.0884382,0.0491393,0.0216857,0,3.0,1.5,52.3333,97.0,57.0,0.0130564,0.0163655,1.08055,0.00867618,1.57461,1.58798,1.56793,0.0159321,0.181141,0.0676684,0.147249,0.088494,0.0444136,0
41-42.sub-CC00824XX16.ses-38310.R76,1.0,118.55,81.6282,1.45232,194.053,0.610916,34.75,34.75,0.0,715.75,0.0,0.5,3.14578,0.25,0.0,0.0,0.25,0.0,0.0,0.126597,0.18129,0.964177,0.165725,1.19712,1.39264,1.09937,0.0552307,0.515741,0.269051,0.390643,0.183306,0.0621133,0,Right,1.0,0.5,71.0,188.0,147.0,0.00860492,0.0123225,1.00369,0.00809136,0.558887,0.565416,0.555623,0.137012,0.00981065,0.00693733,0.00989302,0.00486958,0.00223337,0,1.0,0.5,60.0,68.0,37.0,0.0119238,0.0170752,1.12026,0.0309056,0.951968,0.981037,0.937434,0.0563568,0.0464131,0.0243103,0.0363472,0.0181996,0.00800665,0
42-43.sub-CC00180XX08.ses-59500.R73,1.0,85.5537,75.8858,1.1274,137.536,0.622046,26.0,26.0,0.0,546.5,0.0,0.5,3.26873,0.25,0.0,0.0,0.25,0.0,0.0,0.118793,0.166845,0.903997,0.187036,1.18624,1.40983,1.07444,0.0514736,0.565782,0.231847,0.334653,0.155917,0.0516051,0,Right,1.0,0.5,91.0,199.0,143.0,0.0148924,0.0209164,1.31589,0.0182682,1.26395,1.28595,1.25296,0.0153284,0.260737,0.092315,0.153776,0.078982,0.030501,0,1.0,0.5,55.0,85.0,50.0,0.0127722,0.0179386,0.868891,0.0136396,1.53899,1.5608,1.52809,0.023432,0.141999,0.0422993,0.0961893,0.0587371,0.0296019,0
42-43.sub-CC00193XX13.ses-64400.R78,1.0,108.56,69.0597,1.57198,175.5,0.618578,32.625,32.625,0.0,669.0,0.0,0.5,3.1711,0.25,0.0,0.0,0.25,0.0,0.0,0.115749,0.157789,0.683101,0.17226,1.23534,1.43303,1.1365,0.0476347,0.567998,0.228091,0.342766,0.164148,0.0564379,0,Right,1.0,0.5,64.0,179.0,143.0,0.0136057,0.0185473,0.884759,0.0165803,1.13043,1.14827,1.12151,0.021746,0.181001,0.0641086,0.109203,0.0567369,0.0221219,0,1.0,0.5,51.0,79.0,49.0,0.0113138,0.015423,0.872326,0.0127633,1.44698,1.46493,1.43801,0.0132289,0.200332,0.064968,0.126627,0.0717592,0.0327429,0
42-43.sub-CC00219XX13.ses-86600.R74,13.0,100.218,70.1526,1.42857,54.6442,1.83401,264.75,0.0,264.75,3997.0,23.4969,5.25,6.92211,2.5,16.8662,357.474,2.75,6.63067,50.2263,0.117861,0.15702,1.07036,0.164028,1.20373,1.39135,1.10992,0.0491404,0.532311,0.215568,0.320556,0.152581,0.0522392,0,Right,10.0,5.0,81.9,180.7,147.7,0.0116033,0.0154585,1.26309,0.0121793,1.2562,1.27102,1.24879,0.0175724,0.207065,0.0692603,0.126935,0.0689142,0.028807,0,11.0,5.5,46.8182,86.0,53.6364,0.0107591,0.0143338,1.15828,0.011967,1.36462,1.38003,1.35692,0.0174405,0.174656,0.0570962,0.109892,0.0617364,0.0276845,0
42-43.sub-CC00272XX09.ses-117900.R75,16.0,85.2975,64.5208,1.32202,42.4489,2.00942,270.5,0.0,270.5,4053.25,20.9658,5.25,7.52743,3.25,11.6555,131.319,2.0,9.31028,136.159,0.123809,0.146611,0.968843,0.179782,1.18567,1.38586,1.08557,0.049907,0.56123,0.230471,0.33663,0.158342,0.0534188,0,Right,13.0,6.5,96.1538,176.923,155.923,0.0112425,0.0133131,1.23014,0.0118975,1.26837,1.28252,1.2613,0.020804,0.195085,0.0628974,0.122855,0.0692622,0.0308426,0,8.0,4.0,58.75,97.25,57.75,0.0113228,0.0134082,0.93048,0.0116308,1.44139,1.4553,1.43443,0.0219398,0.16669,0.0543951,0.105732,0.0599798,0.027596,0
42-43.sub-CC00298XX19.ses-94700.R77,49.0,94.1766,70.9034,1.32824,40.7596,2.31054,394.875,74.375,320.5,3753.5,15.168,10.0,5.49073,7.25,11.4072,56.3859,2.75,3.76076,16.1573,0.116331,0.171719,0.904443,0.179139,1.19521,1.40265,1.09148,0.0482202,0.564673,0.2302,0.335802,0.157691,0.0528982,0,Right,29.0,14.5,76.1379,182.828,148.931,0.0109046,0.0160965,0.955644,0.0213057,0.772606,0.785735,0.766041,0.0447434,0.0985969,0.0345361,0.0613765,0.0327069,0.0132544,0,11.0,5.5,52.0,79.1818,50.1818,0.0111977,0.0165292,0.984758,0.0116629,1.51164,1.52791,1.50351,0.0190859,0.15477,0.0476747,0.101802,0.0603264,0.0291656,0
42-43.sub-CC00343XX14.ses-108500.R71,2.0,93.8049,75.3826,1.24438,105.952,0.885357,57.75,0.0,57.75,1152.0,28.3324,1.0,4.41529,0.5,15.4616,1502.07,0.5,12.8708,1040.85,0.122287,0.162824,1.02179,0.17792,1.21647,1.41678,1.11631,0.0475214,0.579254,0.235751,0.345513,0.163037,0.0554485,0,Right,2.0,1.0,80.0,193.0,138.0,0.0155979,0.0207684,1.19003,0.0138148,1.43528,1.4548,1.42551,0.0120873,0.294142,0.100491,0.178195,0.0953526,0.0395582,0,2.0,1.0,56.5,81.0,42.5,0.0104995,0.0139799,0.743735,0.0106457,1.09257,1.10783,1.08494,0.0176108,0.127413,0.0428008,0.0799584,0.0444994,0.0200748,0
42-43.sub-CC00399XX21.ses-123400.R73,59.0,99.7698,81.5547,1.22335,38.2363,2.60929,533.5,76.625,456.875,4827.25,6.79423,13.5,5.90239,3.25,1.36509,1.80131,10.25,5.42914,9.03417,0.101001,0.140056,0.952589,0.125366,1.22662,1.36934,1.15526,0.0427901,0.548627,0.21698,0.32992,0.1594,0.0557333,0,Right,13.0,6.5,90.8462,206.385,139.231,0.014134,0.0195993,1.10053,0.0204588,0.917834,0.937463,0.908019,0.0740089,0.115081,0.0434426,0.0692477,0.0347598,0.0131992,0,41.0,20.5,50.0,79.439,44.5854,0.0105522,0.0146325,1.16464,0.0111287,1.42928,1.44543,1.42121,0.0134934,0.187737,0.0596523,0.119675,0.0689092,0.032219,0
42-43.sub-CC00416XX12.ses-128900.R74,75.0,87.4641,71.6223,1.22119,32.8957,2.65883,485.625,93.375,392.25,5238.0,25.9755,24.75,7.1696,11.75,17.9664,86.3047,13.0,8.00911,15.5016,0.0671058,0.143089,0.825487,0.139613,1.25176,1.41715,1.16908,0.0426591,0.370087,0.14681,0.222084,0.107004,0.0373708,0,Right,47.0,23.5,80.9362,181.957,148.532,0.00992697,0.0211673,0.978715,0.0248436,1.0274,1.05281,1.0147,0.0352793,0.0959377,0.0359715,0.0567757,0.0282462,0.0104995,0,52.0,26.0,55.5,89.1731,51.25,0.0108483,0.0231317,0.760493,0.0170262,1.57921,1.60619,1.56573,0.025775,0.127309,0.042654,0.0807092,0.0453185,0.020801,0
42-43.sub-CC00455XX10.ses-137700.R71,27.0,90.0663,67.606,1.33222,55.2104,1.63133,188.25,70.5,117.75,2327.75,20.7824,6.75,5.04293,5.0,17.4195,190.656,1.75,3.36292,20.3023,0.117903,0.173753,0.979186,0.189009,1.19543,1.41053,1.08788,0.0504953,0.550721,0.22565,0.329618,0.155124,0.0524738,0,Right,20.0,10.0,84.0,172.4,152.55,0.0106029,0.0156254,1.14856,0.0124167,1.35166,1.36738,1.3438,0.0209412,0.172991,0.0559547,0.109336,0.06183,0.0278702,0,7.0,3.5,57.8571,91.5714,50.8571,0.0121994,0.017978,0.909751,0.0143961,1.5602,1.57897,1.55081,0.0231116,0.12482,0.0401693,0.082478,0.04825,0.0232974,0
42-43.sub-CC00498XX21.ses-144900.R71,40.0,98.1012,76.8691,1.27621,43.5341,2.25343,391.25,151.625,239.625,4222.25,13.9842,11.5,6.07959,3.5,7.73681,53.7286,8.0,6.24743,15.3272,0.0913441,0.133143,0.971748,0.119448,1.26633,1.41102,1.19398,0.0410052,0.505682,0.196742,0.306181,0.150344,0.0539924,0,Right,14.0,7.0,78.2857,182.286,149.429,0.0100604,0.014664,1.13566,0.0129834,0.867433,0.880743,0.860778,0.0484372,0.106298,0.0363532,0.0666808,0.0362477,0.0152168,0,32.0,16.0,53.0312,78.0,41.3125,0.0105051,0.0153122,1.108,0.0123062,1.31239,1.32919,1.30398,0.0140788,0.18257,0.0587587,0.115723,0.0659987,0.0304484,0
42-43.sub-CC00584XX16.ses-178800.R74,24.0,89.0115,76.265,1.16713,39.3964,2.25938,356.875,159.25,197.625,3898.5,22.8955,9.25,6.17037,5.25,10.1291,61.3944,4.0,12.7664,128.005,0.117671,0.179087,0.920875,0.209713,1.14249,1.37433,1.02656,0.0517709,0.523307,0.218911,0.311439,0.143608,0.0468209,0,Right,21.0,10.5,94.8571,197.952,145.714,0.00949748,0.0144544,1.05404,0.0147593,1.156,1.17277,1.14761,0.0233355,0.117071,0.0401556,0.0720952,0.0387804,0.0161141,0,16.0,8.0,60.9375,89.125,45.125,0.0135755,0.0206608,0.723112,0.0189156,1.3297,1.35286,1.31812,0.043478,0.0694886,0.0294223,0.0415988,0.0198976,0.00806362,0
42-43.sub-CC00675XX16.ses-219100.R72,6.0,90.3105,69.2495,1.30413,85.3711,1.05786,79.375,40.5,38.875,1049.0,5.65052,2.75,3.4951,1.5,1.13838,2.71414,1.25,4.51214,51.1688,0.0901946,0.134941,0.990705,0.117714,1.33451,1.48486,1.25933,0.0410887,0.490319,0.189779,0.298946,0.148042,0.0539525,0,Right,6.0,3.0,77.8333,203.333,136.333,0.0114344,0.0171071,1.24636,0.0271046,0.821278,0.849306,0.807263,0.0324931,0.123486,0.047788,0.0707927,0.0337048,0.0116875,0,5.0,2.5,58.4,95.8,52.0,0.0110723,0.0165653,1.04342,0.0153979,1.56872,1.59086,1.55766,0.0345417,0.11044,0.0388392,0.0689577,0.0378839,0.0175645,0
42-43.sub-CC00766XX16.ses-4200.R75,27.0,94.6346,73.6464,1.28499,54.8038,1.72679,221.625,58.5,163.125,2245.25,8.57008,8.0,4.37346,3.75,1.63584,2.24182,4.25,6.93424,35.5434,0.117679,0.184307,0.909096,0.176584,1.24955,1.47003,1.13932,0.0558403,0.459082,0.187431,0.279783,0.13354,0.0459335,0,Right,15.0,7.5,89.0,208.533,137.867,0.0109151,0.017095,1.12659,0.0228783,0.801044,0.819605,0.791763,0.0496915,0.0810301,0.0309657,0.0482417,0.02368,0.00846777,0,17.0,8.5,58.1765,92.6471,51.5882,0.0109517,0.0171524,0.845607,0.0151166,1.49358,1.5144,1.48317,0.0348836,0.108549,0.0375658,0.0686309,0.0380985,0.0176079,0
42-43.sub-CC00818XX18.ses-4020.R74,13.0,83.1289,62.5312,1.3294,45.9969,1.80727,213.25,42.125,171.125,2937.25,10.8832,4.5,6.22323,2.75,10.1607,117.941,1.75,0.722507,0.937122,0.0997763,0.142426,1.04033,0.176555,1.19466,1.39953,1.09222,0.046178,0.486664,0.198214,0.289734,0.136468,0.0462939,0,Right,11.0,5.5,79.9091,189.0,145.818,0.0124856,0.0178225,1.28181,0.0240787,0.95978,0.979677,0.949831,0.0395049,0.117955,0.0432401,0.0712227,0.0363552,0.0139509,0,7.0,3.5,52.2857,101.429,63.4286,0.0114449,0.016337,0.852266,0.0128491,1.54607,1.56486,1.53668,0.0168001,0.160646,0.0496581,0.106023,0.0633097,0.0314752,0
42-43.sub-CC00853XX12.ses-7330.R75,5.0,85.959,65.6466,1.30942,68.1602,1.26113,107.375,34.375,73.0,1757.75,12.7283,2.5,5.16125,1.25,7.75721,151.235,1.25,4.97104,62.1062,0.0901599,0.159461,0.997808,0.167652,1.26938,1.47254,1.16781,0.0478317,0.435295,0.176659,0.261351,0.124181,0.0427356,0,Right,5.0,2.5,76.6,199.2,134.0,0.0117551,0.0207907,1.27339,0.0160279,1.53654,1.56175,1.52393,0.0163017,0.172496,0.057865,0.10666,0.0586838,0.0257666,0,5.0,2.5,58.8,98.6,52.8,0.0139472,0.0246676,0.842402,0.0229908,1.55361,1.58722,1.5368,0.0296584,0.132908,0.0473924,0.0821023,0.0441748,0.0195713,0
43-44.sub-CC00168XX12.ses-55700.R77,3.0,97.7148,72.4692,1.34836,120.608,0.810182,50.375,30.625,19.75,781.25,4.51308,1.25,3.14121,0.5,0.375,0.883573,0.75,4.13808,71.7277,0.130919,0.152881,1.12075,0.175299,1.18623,1.37542,1.09164,0.0584757,0.496256,0.261524,0.383517,0.180903,0.0612932,0,Right,2.0,1.0,79.0,193.5,147.0,0.0107147,0.0125121,1.29041,0.0133845,0.655013,0.66306,0.65099,0.111185,0.0367765,0.0174995,0.0309456,0.0168028,0.00750435,0,3.0,1.5,48.6667,84.0,57.3333,0.0128626,0.0150205,1.39345,0.0102254,1.5433,1.55796,1.53596,0.0163649,0.193332,0.0726625,0.15625,0.093035,0.0456686,0
43-44.sub-CC00176XX12.ses-57600.R74,35.0,88.9325,79.7331,1.11538,52.8206,1.68367,198.0,87.25,110.75,2052.25,8.4313,9.75,4.36277,7.5,6.71003,18.8598,2.25,1.72127,4.13681,0.122378,0.153921,0.970921,0.182379,1.22065,1.43368,1.11414,0.0584201,0.454129,0.237603,0.346783,0.163528,0.0561587,0,Right,30.0,15.0,97.8,186.9,157.233,0.00941252,0.0118386,1.08521,0.010974,1.07021,1.08181,1.06442,0.0956326,0.0604499,0.0251455,0.0493979,0.0281216,0.0130056,0,9.0,4.5,42.6667,79.1111,54.5556,0.0100076,0.012587,1.27844,0.00857895,1.45162,1.46297,1.44594,0.0165626,0.149156,0.0559374,0.1201,0.0714585,0.0350278,0
43-44.sub-CC00176XX12.ses-57600.R76,85.0,82.4904,72.4449,1.13866,40.5681,2.03338,267.875,63.375,204.5,2613.5,15.2382,21.0,4.95964,16.5,7.57038,10.9119,4.5,7.66784,41.0472,0.129905,0.168514,0.967381,0.19368,1.20491,1.43421,1.09025,0.0603001,0.467358,0.245679,0.356685,0.167388,0.056796,0,Right,66.0,33.0,90.6061,176.5,159.121,0.0105071,0.0136299,1.1072,0.0121045,0.926834,0.939698,0.920403,0.0630705,0.0745162,0.0334951,0.0602507,0.0326437,0.0140137,0,18.0,9.0,46.2778,87.5556,58.6667,0.0108782,0.0141113,1.1428,0.0101807,1.48949,1.50409,1.48219,0.017185,0.15645,0.0572736,0.127716,0.0774273,0.0390489,0
43-44.sub-CC00252XX05.ses-84000.R77,1.0,94.0578,80.2083,1.17267,148.528,0.633267,29.625,29.625,0.0,602.5,0.0,0.5,3.21978,0.25,0.0,0.0,0.25,0.0,0.0,0.134837,0.149494,1.01095,0.177688,1.19833,1.40962,1.09269,0.0498082,0.618887,0.320244,0.463693,0.216829,0.0726218,0,Right,1.0,0.5,81.0,179.0,155.0,0.0131801,0.0146127,1.10523,0.0136752,0.7494,0.761116,0.743542,0.13012,0.0446007,0.0208524,0.0381074,0.0210461,0.00956573,0,1.0,0.5,49.0,76.0,36.0,0.0115459,0.0128009,0.691268,0.00993204,0.734044,0.750001,0.726066,0.0124262,0.100997,0.0409286,0.0801717,0.0456493,0.0211462,0
43-44.sub-CC00352XX06.ses-110700.R79,268.0,88.0887,71.838,1.22621,22.8203,3.8601,1030.88,172.5,858.375,6994.25,18.4521,61.75,6.54747,36.25,10.9266,10.3469,25.5,7.52547,6.97713,0.0658341,0.176785,1.05918,0.201713,1.16464,1.39632,1.0488,0.0610221,0.238276,0.126218,0.182704,0.0853721,0.0284938,0,Right,145.0,72.5,86.1793,194.717,144.269,0.00996565,0.0267609,1.23772,0.0315723,1.11747,1.1533,1.09955,0.0300738,0.0992993,0.0472597,0.0724534,0.0353479,0.012754,0,102.0,51.0,53.8922,89.6961,53.3431,0.0109491,0.0294017,1.24376,0.0205681,1.45074,1.47847,1.43687,0.0325044,0.0950767,0.0414325,0.0739449,0.040213,0.0178025,0
43-44.sub-CC00431XX11.ses-131500.R76,7.0,97.4121,80.4968,1.21014,73.8472,1.3191,133.125,28.375,104.75,1882.5,15.8523,3.0,4.66331,1.75,11.093,220.905,1.25,4.75933,56.9287,0.135645,0.175544,1.07298,0.179287,1.17002,1.37332,1.06837,0.0550752,0.531518,0.281631,0.400488,0.185298,0.0618046,0,Right,7.0,3.5,90.8571,185.714,152.143,0.0118285,0.0153079,1.28893,0.010699,1.1666,1.17771,1.16105,0.044768,0.141207,0.0545807,0.113489,0.0664191,0.0317394,0,5.0,2.5,42.2,72.4,49.4,0.0104306,0.0134988,0.742102,0.0190537,0.293534,0.301023,0.28979,0.042878,0.0363162,0.0189569,0.0285937,0.0141854,0.00583351,0
43-44.sub-CC00500XX05.ses-145900.R75,2.0,114.583,74.5744,1.53649,143.038,0.80107,57.75,57.75,0.0,955.5,0.90533,1.0,3.31352,0.5,0.53033,1.76715,0.5,0.375,0.883573,0.125637,0.161737,0.982292,0.183826,1.17413,1.37758,1.07241,0.0583844,0.482009,0.25501,0.368627,0.172086,0.0573656,0,Right,2.0,1.0,87.0,193.5,147.5,0.0129189,0.0166309,1.20166,0.0115512,1.20928,1.22244,1.2027,0.0282968,0.129319,0.0528435,0.102626,0.0579502,0.0262885,0,2.0,1.0,44.5,80.0,61.0,0.0100257,0.0129065,1.06652,0.00939016,1.53009,1.54303,1.52362,0.0134877,0.178816,0.0675522,0.143202,0.0848024,0.0414483,0
43-44.sub-CC00620XX10.ses-210900.R75,1.0,103.591,88.0869,1.17601,167.149,0.619753,31.25,31.25,0.0,650.0,0.0,0.5,3.22272,0.25,0.0,0.0,0.25,0.0,0.0,0.131121,0.171516,1.11557,0.18461,1.17801,1.38872,1.07266,0.0541356,0.521764,0.273306,0.395349,0.184747,0.0618176,0,Right,1.0,0.5,87.0,207.0,139.0,0.0153055,0.0200208,1.24255,0.0210484,0.564855,0.578998,0.557784,0.0674077,0.0787245,0.0400595,0.0592127,0.0280904,0.00960396,0,1.0,0.5,59.0,72.0,29.0,0.017298,0.0226271,1.07199,0.0277315,0.980464,1.00971,0.96584,0.0225857,0.120509,0.0587725,0.0897613,0.0446068,0.0178998,0
43-44.sub-CC00650XX07.ses-218007.R73,3.0,80.8865,70.8877,1.14105,79.3573,1.01927,66.0,0.0,66.0,1256.0,16.9621,1.25,4.84925,0.75,3.70915,57.6284,0.5,13.2529,1103.58,0.0525622,0.133089,1.12902,0.123071,1.28029,1.42983,1.20552,0.0440251,0.259417,0.129608,0.197433,0.0956945,0.0338881,0,Right,3.0,1.5,87.0,205.667,135.667,0.0124008,0.0313992,1.42296,0.0351384,1.23339,1.27704,1.21156,0.023764,0.134638,0.0632695,0.0982432,0.0484795,0.017983,0,2.0,1.0,56.0,89.5,51.0,0.0112241,0.0284196,1.09477,0.0175461,1.43146,1.45591,1.41924,0.0353176,0.0722835,0.0330702,0.0567799,0.0308019,0.0144724,0
43-44.sub-CC00656XX13.ses-217601.R75,5.0,74.6442,59.7826,1.24859,61.3627,1.21644,86.75,0.0,86.75,1505.0,20.9317,1.75,5.27593,1.0,12.3955,482.698,0.75,8.53622,305.225,0.117095,0.166524,0.903521,0.191352,1.19159,1.42497,1.0749,0.0598876,0.459445,0.239882,0.347481,0.162612,0.0546356,0,Right,4.0,2.0,81.5,174.5,153.0,0.0121195,0.0172356,1.07804,0.0178232,1.18589,1.20513,1.17627,0.0839495,0.126298,0.0532744,0.0986743,0.0542328,0.0235687,0,3.0,1.5,53.0,98.0,60.6667,0.0123884,0.0176181,0.988095,0.0132545,1.51427,1.5337,1.50455,0.0146206,0.197699,0.0805197,0.152945,0.0857924,0.0390951,0
44-45.sub-CC00267XX12.ses-87700.R74,7.0,80.055,63.9014,1.25279,70.6956,1.13239,80.625,25.625,55.0,1192.5,11.7188,2.75,4.18721,1.0,0.852439,2.28285,1.75,10.8663,211.972,0.0567696,0.12388,1.07357,0.137493,1.20629,1.35913,1.12987,0.0463355,0.275311,0.140157,0.208577,0.0993374,0.0340478,0,Right,4.0,2.0,75.0,195.25,139.0,0.00902418,0.0196922,1.39397,0.0131791,1.35034,1.3666,1.34222,0.0238471,0.108652,0.045821,0.0834723,0.0454694,0.0195132,0,7.0,3.5,60.5714,98.5714,56.8571,0.0100821,0.0220008,1.12922,0.015554,1.44503,1.46619,1.43446,0.0196432,0.112745,0.0466953,0.0882965,0.0491627,0.0218654,0
44-45.sub-CC00476XX15.ses-141500.R74,4.0,109.706,84.1136,1.30426,127.918,0.857627,63.375,63.375,0.0,941.25,0.606763,1.25,3.18438,1.0,0.606763,1.15661,0.25,0.0,0.0,0.0913885,0.112267,1.0364,0.114267,1.23484,1.36639,1.16907,0.0444434,0.480838,0.243103,0.362552,0.173436,0.0606285,0,Right,4.0,2.0,76.0,196.0,140.5,0.0118647,0.0145752,1.26873,0.0123395,1.17806,1.19085,1.17167,0.0327247,0.0971621,0.0388398,0.0797092,0.0464786,0.0222522,0,1.0,0.5,63.0,70.0,29.0,0.0,0.0,0.0,0.0,0.0,0.0,0.0,0.0,0.0,0.0,0.0,0.0,0.0,0
